student_id,content,wording
000000ffffff,-1.871718,-2.1757677
111111eeeeee,-1.871718,-2.1757677
222222cccccc,-1.871718,-2.1757677
333333dddddd,-1.871718,-2.1757677
