student_id,content,wording
000000ffffff,-1.129215943997902,-0.7205879924071473
111111eeeeee,-1.129215943997902,-0.7205879924071473
222222cccccc,-1.129215943997902,-0.7205879924071473
333333dddddd,-1.1292159437127303,-0.7205879924071473
